address,amount
0xa9e244bacf3eb0de750b9d0d2e1930e56ccb71f3,2277.136839768999
0xfdde7ad56320b9cc691ad319a8fec2c8d6b993e6,1167.1413115084747
0x26fcbd3afebbe28d0a8684f790c48368d21665b5,1124.376440203165
0x1447b49b636cb1fa24281efcd66aaac44188e3bc,897.3226366298724
0x1d12d09793daf5eb834c8d29eb6a039c32b73813,616.3990124126024
0x0b0c67f4ef9abc2323fd6cfc14f79a30c6604efa,608.3330141406808
0xff06a2653364c0d03ddedc7317ba6a8a4ce57c90,598.6993614108497
0xfb8aeceb6a63c595b01c728e362ea1bc0f8a5ab3,496.33865082143546
0xbdfa4f4492dd7b7cf211209c4791af8d52bf5c50,471.96924003258465
0xe2e4f2a725e42d0f0ef6291f46c430f963482001,374.48979665981557
0x95eec544a7cf2e6a65a71039d58823f4564a6319,359.893030125806
0x961eed3b7d4b7c261ee5b023e5f857af5af1e700,310.1853614018295
0x0ea4a285e1353f490ec7f473ab3174cac71cf79a,302.12921041218766
0x4740fa6b32c5b41ebbf631fe1af41e6fff6e2388,287.15594226997837
0x1991059f78026d50739100d5eeda2723f8d9dd52,248.2294201895312
0x51397020b9488c5b781b4936c86f8b6bcf42c239,221.57276617890358
0xe107a20ce3836329a3c310e9a2da812cfb177f72,220.31216587657977
0xfadafce89ea2221fa33005640acf2c923312f2b9,209.94205390250005
0xd21f16239ea1b99008f8e9f425c54ae7927d8151,190.27229367065766
0xb90bb05c5bfa9e73f99605bb6c14d8e956a768f3,184.81199754504314
0x25953c127efd1e15f4d2be82b753d49b12d626d7,151.03023488405756
0xe52e028f0d8f2e7a9d78e48199234b1231774e6a,149.8798045164657
0xe024d0f8b612fa88d5678e279ea236403868f1f6,148.03274775782384
0xcf6046fceee250ce41dbe61618af26d7a39b6169,137.55749504499286
0xe59ca38ffa335c3983d8c9221f225845b5d93671,122.62665885842183
0x4c46f9a3da4f7f2911e29dae334ebcf09101a669,120.50790066831432
0xe9920c2bdd13dfead70e4b4721d34f710cbb8cdb,120.18521670304727
0xeae2faf973ac080625e53af28159419d2fef152c,112.41451774521364
0x736dde3e0f5c588ddc53ad7f0f65667c0cca2801,103.64978780078532
0x0c5a2c72c009252f0e7312f5a1ab87de02be6fbe,100.09261801431093
0x5595f9e14a9a3b957d08e904939aa351e265c157,98.4077006998247
0x9a82aa6edbc473a883b8906bf41084c9c1b760f2,97.58608168786199
0x26a22514d3ac0b05e2f4f04df96ef302ba434cbe,97.3570149621363
0xabe43300c1b7c7bbbe7ff144ab41e27ab5084c46,79.77410422206093
0xcae1b304a284c700d93c861ceebce054d837dbf3,78.58590496944103
0xc084508124a8b76e44a07418a92a868394153771,77.84094197279231
0x88a0a8c581b5f2c4c8413e07e62a0d1314f1b0ff,72.4563558972725
0xe25d56df6edbcc226b611cb95fddeff9cd6d88b6,70.94248285744894
0x3203b5c32f09317aabcbd5ad1c7b11945a931c01,69.53735286898517
0x78f87cc02fa8a0ac98fbf66cebfb27260ecee60b,66.81632928767655
0x12cfb1db767fea232fe925c557bed1a80e027be9,66.60682597802791
0x39de56518e136d472ef9645e7d6e1f7c6c8ed37b,66.58193266339921
0xa9673927d1c8b042467593010ee30fd148a56ad3,65.21100341259469
0x660802fc641b154aba66a62137e71f331b6d787a,64.56123882762832
0x4d0622404f4510b32a296c157ced7286e442ff28,63.47799252609451
0x85aedcbcc007551972351942192a28f70a360f09,62.89268224087751
0x108a8b7200d044bbbe95bef6f671baec5473e05f,60.438176909168426
0x0e61dae710688c22d8f6d0c3fdd1735d27ddff8f,54.89270399379654
0xbfb496acb99299e9ece84b3fd1b3fdd0f6cddf49,53.69144295810543
0xadc68fb9809206c88e4f871c14b904b25ae5e301,49.41542477577812
0x84a6a7c0674a3aa03e09c026600cb46181821f07,48.57859102545103
0x4e3f9fe856cf1d909ca2521b18ec5ae310d514a7,48.37311418622758
0xa4e17f502b569b757c6097a5fe5874644ec4e273,48.17872705670743
0x6d0bbe84eba47434a0004fc65797b87ef1c913b7,47.34622465916647
0xc64ef1c4c8f417657c6e20b367a6bb4ac4fcb6d3,47.29931614847323
0x53fe88ceb39f23db1fcd4d6beb55965f6ac1764f,46.776531765414035
0x68bdeff9aca67da30ad7e78feacb3685a5c0863f,45.860000384786744
0xc255e0a1be0a4b7b8bf5ebe8d0aba162cf75bae2,45.81086404604092
0xdc5bb4f6126a5ed7d99af7e56387db717c1042bd,44.46583022965393
0x10840431b90f516548e439caeeea74d7266a93fc,43.05274204224571
0xf8deccaf8f60a0f64af61da2a87fd2c6c07426f8,42.638878927098226
0xa4aaaf352d2b9efc06def2bcb0817083c05ba40b,42.60792025261362
0xbb2d41acfea24a3a2ad4a6f95c3ace1cc98c6ed6,42.349636249826375
0x44fbef86239debd8e68a22a9ba58cd7ab6be6947,42.31552062238312
0xf71d161fdc3895f21612d79f15aa819b7a3d296a,41.4324113875245
0x6b3a756407a013453524831bb7174c54c43a5c3c,41.430284298467804
0x0b0e1670e2a5cfb56898760403c912402c9e597a,40.76474530731809
0x0ece7c1bfc9543b2cbea8f5577d02e5f59a9f176,36.92035937536265
0x82a94a03e798c4bdaccc12bf2281daf4ae283e7a,36.80806725828396
0xee05c3dbdef3b3f64c08646a9bbf623d967aa655,36.462240341157866
0xce01c2c115c5f7d8c829e270bdfbd648da6b09b6,36.32354206778896
0x1b72bac3772050fdcaf468cce7e20deb3cb02d89,36.32054776317904
0x563732112317145ef0dce0e2d387937764aa1045,35.871813690137536
0xff3fc772434505abff38eecde3c689d4b0254528,34.85400533225875
0xb7d49adb031d6dbdf3e8e28f21c6dd3b6f231cd5,34.7139077379008
0xe6971498cd7fc0df1532297ca8e397940dc237e5,33.36982957899967
0x82e8936b187d83fd6eb2b7dab5b19556e9deff1c,33.19700313881761
0x8196a1a75fe0d179521df3d54b087605270fb5b0,33.12373420721714
0xaf297dec752c909092a117a932a8ca4aaaff9795,32.15477487295642
0x495d62f19d10be98b939c2eb99652e2f4cdf9dff,30.900754105231176
0x1fd6e15cd7548ec27443690ce5aa3320b1869c3d,30.510299812930665
0x3a8315e25378ce9fc0d3279b26ec0576de52c0ff,30.409176942717977
0xf0f51f50565c1a4ea9889ba9dfd2afa4defb6d9f,29.71160119415541
0x5edd62aa745203f2362d4ea79edf428a0aab471e,29.55090329292518
0xced29ba48490c51e4348e654c313ac97762beccc,29.507491327981274
0xc16e8f5ce96515e5ffdc198f23293d75b42c3266,29.49595510767147
0x999eccea3c4f9219b1b1b42b4830e62c26004b40,28.708848136855586
0xfac01bf00180ff294915e840b4309b823b759f83,28.409971407169063
0x8046bc2af3556c8657995d5c268195286925c67c,27.975244537228043
0x1d8d739912aae17819618e6e33580284c16785a9,27.757367836164875
0x7822159ee394d14745cde63a706f965fb73c7ac8,27.1167722565468
0x13a4f78027605fa9c7f15296fdbc97240e8c7019,26.768032086390146
0xdb012f63fcad8765fcd1514ba7fce621c5577892,25.964999085995448
0xd8a7b7b40c115066b745675812e90f4cf25da5ed,24.312836241263124
0x2d86c5c13d1db6ab40f7b824f5ef966ac6987aa7,24.280109757929004
0x1a2cfb4e1ed487c94621c4c8cd73889679d09631,24.279445413630864
0x4e65175f05b4140a0747c29cce997cd4bb7190d4,24.18208883706206
0x815400bf42a37af49f0229b502a15c880ad14ad2,23.990049053356888
0x2f486cd2711fed55ecc481a5a0ac62001ebfb16c,23.775450700891422
0xa18a6343c9af008bbc236916a9121bb2048285e8,23.690613019311403
0x2b99d34a2d45cfbf5b9d5d7595f28fd786ae61c7,22.914134224579087
0x8e76cbc8b63c6e94313e213791f1176fc31df024,22.76096957697996
0x5919b3d42bd84e816533c2dd6a7dff7d02303e87,22.68295095013663
0x806388e04b7583a0148451a8ecd29a748b8fd584,22.645781471220577
0x6d0da23c433f83879cd820ecc451d445e168cae7,22.379246563037853
0x794783dcfcac8c1944727057a3208d8f8bb91506,21.696273849664443
0xa1fcf52bc3ece251385f7516c837188adde259ce,21.165370315458723
0x40e652fe0ec7329dc80282a6db8f03253046efde,21.04313060114114
0xdedda94e960ade948bb12df0f4f0ee860a1b0970,20.972859790480562
0xd0d628acf9e985c94a4542cae88e0af7b2378c81,20.89347576558124
0x17242028566422ad605b1211c8a8574ba4cbb8be,20.670854457715173
0x18b3eedadc9a4a6d35905d4a416dfff239f067d5,20.58248818532941
0x8f5db667276e9d805bf5adb315374f8fa299699e,20.538741655458114
0x3116a992ba59a1f818f69fc9c80b519c2bb915b5,20.183146145141723
0xcba1a275e2d858ecffaf7a87f606f74b719a8a93,19.91825595402281
0xe986eabe4430df37e35ed4badd331ce97e895c01,19.638087721923345
0xa56ff869a9344a68973a62aa6220957e097de49d,18.7181261269962
0x4a7fd8f063a6eba78f731f562a5a1e9fbb3313bb,18.496601135634894
0xa88697d2adedecf847713764ab55b629ed7789cc,18.489215386185975
0x5ade40e345817b739b91c6b4615efce87f9d7c57,18.371446593293435
0xa25a9b7c73158b3b34215925796ce6aa8100c13a,18.15524925914714
0xc84350bce9259d11f7518564520c9d3d6dde3871,18.131667489918183
0x80f30e20ef0e815eb2694fc3a88e435d095849ba,18.010778998716702
0x6d7ac63aaa7ba8925dcb3e44be6355261dcf688f,17.997486782007297
0xb270c422e3757463e58d1a1b423d91935ef85dcc,17.95269518349084
0xaebcc707edac413af8782c5bb1a29a6b2d904719,17.91151068313951
0xa06db879b6abca6fb5e544b27c4d381f95f30fe9,17.79655470716498
0xaabd5fbcb8ad62d4fbbb02a2e9769a9f2ee7e883,17.162930350869065
0xa61b411ca17742099efb723bf9722ddd272b3fe2,17.13353655340222
0x2167e76c32441c4fe1dcbfb1edf0ba2e6d1cd024,16.907547728085813
0x5f763818b45f7bfb2f840f7c13152d1783c9da8d,16.860748073661725
0xa4c8d9e4ec5f2831701a81389465498b83f9457d,16.687244992118284
0xeb381fcfe8c91ae62c98ff4acbb7fd14bf1ad2a0,16.287116606226746
0x55836e71979b41a28ff1e85b9b2e6f7907569c9c,16.205424368038802
0xdcfdd07b1d0cd1fa19f72126c95a6c3a828cdf9f,16.09439345715025
0x241a119a8c634b58e78ec4ce9bf786756f9fd310,15.45583404101292
0x658e0f8a4644719944655b59201bc0c77af9c002,15.358129754380169
0x01ebce016681d076667bdb823ebe1f76830da6fa,15.199243882965776
0x09641015fb8b08388a7367b946e634d37dddffaa,15.159995897479309
0x70431e3cb7e1fb9dd0510c1e7ee0d509476047b9,15.101866286293802
0xbb5ad3dee7ae5d840f025a7fdec61857088f8bc1,15.078470790313393
0xacc0e80e3cccede7d2948ab542700bb9499d2623,14.797564855573029
0x9d6e728423f16747289ea285ff66e75440a26cd2,14.580766055708102
0xeef1b2fa1743e9215e1d8881d52b886618453c5e,14.524171336090598
0xd4e84e1a4907190e3f9718adfbd1f00b0b9be7d8,14.360803397144583
0xb65cef03b9b89f99517643226d76e286ee999e77,14.276144659036499
0x4064023610a479f9a0415ee98f87895a0e2e0884,14.122671131016455
0xb5c46131b4d8d13e4c0e476b9a2ea5b43945891e,13.818181185710488
0x02c9ce7204250085bc0e5416c7dbcbc1b255cf59,13.778473907940944
0x44c2968c98bfae5bd451f2cc524ef3e7103bdcc7,13.547836792720881
0x780ad0cfd2292ced8eb44ba4a0ea2f70b4551c8b,13.483587060373228
0x497277189f1f4db4845c2d28d27f09e41dccafd5,13.14664177289102
0xbb7f88d4230e817c38b5f2c2c4ee30ef796e12bc,13.118389482121913
0x737b933a2d2d3b71621546db1823849be94b70e4,13.007964580201953
0x09528b6c6fc792eff0c70563c9b4c4c6e38da61d,12.911625509895195
0x9064abe13d219ff7482f1a434eac8a8c8c9bcf30,12.61247576117414
0xb366e2348ca1e6d46d9124e719be8a7cf4b1dc86,12.570902843239187
0xa817f7d66ad1201e3a3c8562b725ea3baba4d40c,12.489875979152705
0x9b54264d7502f80163ea949038aad771eae67e38,12.444121090490448
0x45e49ce059706fb814895e8337f8bb3d94fdf1c7,12.305261864919473
0x32bbc0b35a2ccc6a15eafe3ad91bccb0dbf1059e,12.276433611208205
0x1423b6609bd8194ed2a6cfae0c52ad41e68f0821,12.270642239613485
0x0104d7a50c942735fd96ed6ab3423cac7e2db0d7,12.190877550943803
0x70e09792e94b04cdb76abf7aa24781dcb4d37e2e,12.116577059294732
0x6c471deb9af02466f2b6b23ad70890c94f199f80,12.114071063190993
0xc9e8212b505f7463b3356855d452cb0fa6e2b481,12.0727033790011
0x656e1a01055566ad6a06830add7a0f5ef7dd2512,12.059007479388182
0xb970c89c27380363626d44f84e2844617e9ff969,12.048857010894213
0x1119d84423feca63f41d461cce32bba23a4101e2,12.018389370865762
0x77bed8137d3c1640d0f45e5cd1be92291d22f7d3,11.964865100727582
0x9371a03a0f8343c34218f4130640081da75c4689,11.911052001044993
0x886f6ab61294e7650de300e0d026b1408f1e160f,11.851443168247721
0x1b914ff417c8cc7cb0ead818aa8fae08604f0675,11.77750916542912
0x7e3daafeadc9c799048985156e8a00c4bc7cbc66,11.765704832794746
0xe1c6c0b2e36559e5d719fb51026fe425e35b6834,11.689045546340786
0x9a16809aaa68152c0d40dc90d7ff9970107140b0,11.687401374466974
0xb72ed8401892466ea8af528c1af1d0524bc5e105,11.504600865042892
0xc207ceb0709e1d2b6ff32e17989d4a4d87c91f37,11.45806459796341
0xb297e162f06ccd1cea309cacf591833324e9b190,11.067819961504599
0x0e41c9b548cf0545377aeeb693a6006172f1af81,11.013064470626045
0x8a345365097244e553d0c2a5442e5ad9e4182293,11.003755109142164
0x590012130665e8977f9f62a6bce334f2cd86190d,10.768412156185562
0x6b9dfc960299166df15ab8a85f054c69e2be2353,10.497581696026423
0x465b357bbac5f6f3bc78669db6980f9eaa21d0c2,10.370019776393786
0x99422ba6714ddf2210f4dde38f0ca882caf757d3,10.206684791154178
0x4515957daf1c5a1cd2e24d000e909a0ff6be1975,10.089949193880226
0x5bff1a68663ff91b0650327d83d4230cd00023ad,9.712175899727235
0x3e7dd7df9c1ffd12b8ecd94a27472bdc4d87ab7e,9.654726625079745
0x4a95a1bd27bd98b4880a4ab38046bba479298065,9.61509543160294
0x26b11a2497381ef5e28bcfcf881185791ba11a5d,9.468407277693178
0xdaf584854eaefd27000ef3bfff4407bd3115a7ba,9.316213734629791
0xe26edca05417a65819295c49fc67272ab247d791,9.182944160355113
0x361a6ccdee43c33366b8c1f5eb90a0addfbc4cc6,9.08931244299052
0xb3f09f6d5d1d22579383e56123b7c360f343e255,9.067892473247996
0x5404321d9cf102487475231b9876eced05a6837f,9.011867295446036
0xa2dcb52f5cf34a84a2ebfb7d937f7051ae4c697b,8.959341692226715
0xb347b5b99c49ce6c555071a1f0498c81511ad977,8.957244952079776
0x75d7b98b1c4bec2444c5a26de608b55f56ff9faa,8.952034268407184
0xa35365238b226d8c2db8925964bf45787539d232,8.946616775996207
0xabc1875d2884e340a005e7420b3bf332319f8187,8.803139791161337
0x4899b9244c20b9718bd99e8aa12f7ca49eac361b,8.782046329649594
0x7c6b59f52578a1bea4f8d750c5b4bb044669b5cb,8.70331150488186
0xe649edcb64ea6512a95b150da18bfd20c84bc549,8.636490232477644
0x5f82c97e9b1755237692a946ae814998bc0e2124,8.614889865423198
0x1fafb618033fb07d3a99704a47451971976cb586,8.559015705250058
0x00c67d9d6d3d13b42a87424e145826c467cccd84,8.556207795042011
0x1cdb54ab57753051be5502c8376e77e74b5e2d50,8.503289230989097
0x5c93824bb6177263fc263a99e25d789795a071b5,8.388938113026501
0x01f9a987cb6b27dcb88062a35fcf5cecac9ada96,8.378066600474835
0x4718fc7e40092a9d5fc584699aea1aa4c6f63d33,8.332535663747493
0xbd3fa892f94276f93ba22f08b0e459df71df9710,8.229751175581129
0x604eb5d4126e3318ec27721bd5059307684f5c89,8.211208052292777
0xaa0dee58a36b72c774317eb5f71afb2a04c85527,8.152894954385372
0x81c5e53ac8e5af8966b332742fcd2e06d101bb70,8.066856158668081
0x8369b9defc618e5c7d9649ae523bbe92eea0e39a,7.846976247830578
0xfcf43501d87d3799e53cce8386e6e5d8d9cbdf0f,7.754519778366796
0xd0cd855aeb4103fd0c296e564627a9a2ffbb3e8a,7.717101450506023
0x53f2736fae551c998d4e72e519f1acf474264de4,7.651525937242069
0xfddbd16c471878d179992a491438d9bc0a162a17,7.406750349285883
0x48888db73eb818dec38fed2c8d4d08252177de0d,7.359345473389859
0x000e8c608473dcee93021eb1d39fb4a7d7e7d780,7.295637054131306
0xa574100b2e3fa487291a694143d9c02928bb59aa,7.271444853837123
0x34cae1d9e2d014b7b9e6295c66c554d7e79713d3,7.165248930137431
0x246f1158892117e911d2a5247f37e63f84072150,7.165053933848956
0xb84848ce4a46a44f06864b5decc2fe07b842cf30,7.151426788752169
0xb5faec4293c5cd262850c73d29725afbfcff189e,7.098987386128841
0xbe3fe72761cea34ebe2e3b9d9fdd8aac5b695f8d,6.989947024491389
0x6ff9ce211a9a7a984d3fd526b644b8f8bb6b68b8,6.951903666588837
0x7759d0dbeab2270bea6f35679344d4d67b10cce9,6.912806819884522
0xcc7aa155a408bb2f2f4c6273be37cd76ecdcdb04,6.861989357498511
0xb2043c543bb60fb7aa7265cdca359a35c4bc09fa,6.83454582579975
0xf6f78960e9a132868f3fbf1458960dc2325097e3,6.790813349715012
0xf9768bfed50b506c5536188af0fdd8d0190a847e,6.695144681373012
0x6a07ea36da7850cc89be2523eb9423fbe7237061,6.69384979455647
0x4d8106c1dbf9a2f06133d5b51780a1bc22286a66,6.459669610707442
0xdf268751c64f91ef7fd10a31b655783e7b905934,6.443991703153356
0x4ed7a3cdb17c9a3363b5c6f5aaf981ee2dff43f9,6.323492719915494
0x07a1f6fc89223c5ebd4e4ddae89ac97629856a0f,6.279509698739382
0x7422d7681ae22357c5b383dfaf91d703f6698901,6.203653598302475
0x5edcf547ece0ea1765d6c02e9e5bae53b52e09d4,6.180107387576574
0xedc90f1ac0e0eedd7d700570a50a6f6cf494a4af,6.15184219397757
0xb0a2852750b15038cf9b5be255a483e3063162d7,6.122527873096769
0xa5911de702fd1a95e3f63581037782819f448913,6.116310284078715
0x9ee1830ff376758c5ecc7fb465f3b14d64116d71,6.085757533834262
0x22510fe99f63ae03ba792c21a29ec10fd87cae08,6.076440357960444
0x907206d1fb31aeb9e36fdc98ce09f5b088be56bf,6.0665944083674255
0x957ee7a79cead5337746a468ece63c23bef8bd4f,6.04288821466611
0x5789527ec57ff76286e42673e7b97e692b13f6d0,6.024706612921599
0xa24222f894af41f0c481d45323e69a92ae51e608,6.021367687657705
0x1e068f7a77434ec4ff313b087a55ab3b50174ed1,5.982597046300839
0xb24dca776c1257248024f8fb4315d5f5009217fe,5.972941549746332
0xbe4a682a19d63c032441d1c234f9c71ae08ab26b,5.961038295416065
0x7d9f64f1066e2d1611ec6deda0945ced77c29bc1,5.940503290189955
0xffcfa5f7b994aeb4c6931e0a6cd95d8984e038ce,5.893593567963392
0x1f6b1484cceab856d2348a7a43aab02c890719fb,5.875790146345925
0x0fe33cc411d10f37d9937aa8e22d8ee0cb34ed77,5.83797134614495
0x63f0d5f432acbe8f7379a568128bb66daf14c504,5.825663621414512
0x3fddb5cf1e8e5696e1c76bf15f454e04cf161c66,5.817825545999129
0x7e2a3694256e13705eb7924649e5e267f5bc5398,5.661588207584027
0xb020936042fbf3472b6bdb34628bcca3cf78da4c,5.601815333174704
0xcbf8168418e618c57ea52a6128cddbc096d3db37,5.453112096464029
0x0ce638e196f5141b9aa2fedc07ea158d94b458f9,5.429089026221857
0xa204fea2761a0ed5362a931fcad4879bf2ac22f2,5.397285791857182
0xf4c586a2dcd0afb8718f830c31de0c3c5c91b90c,5.256460974621575
0x11d0b9058104247be40744b1e5a708fc0ae8f7cc,4.733411508071116
0xc7512863ad0666ceadc3f964914b1ab8153b7da1,4.480892223145475
0x131c71e79b62c38df5123bd89559577e3abbdce7,4.454536890678205
0xb5cc3308c8e0f12fccca72e0fa3c8c20518c11e7,4.391859910314921
0x71535aae1b6c0c51db317b54d5eee72d1ab843c1,4.295748123659719
0xcca89d02b1fcb375ba7296c4173ccdd84102cdfa,4.236260868231495
0xe9895b7d492e15b0f9f2d99b1006bc50e3816063,4.180129620687032
0xd4444fa606568866272bad77f8a6781b5da59223,4.178024157500161
0x3324614199ca2a60487d228a96b9c58aa54a83af,4.1267276548378975
0xf18da2faba96793f02264d1a047790002f32010f,4.105827069431311
0xc0e7dc00d7b898c5318a402873d0dd75eb217d2e,4.040160872898065
0xfa5756494fea34c83808ccb6626f6b7e66d46c4c,3.9634568202877873
0xd6fd705ee0b31a9300d3e2154bcce777270cbb6f,3.9278002436099073
0x8d56bf499968cde8b7ed974d45afbfab7ee4addf,3.812979232447652
0x575ae079b52b4b4386bc8833fa27b3e42c8ff7ba,3.769409283558311
0xf9f2579de0bc52a19f088dc17a993e5391d57409,3.6941633718799656
0xfe57e3be5fb69aceefc65152905fc99262f1402c,3.645988384826629
0x4208c5c5c4260f9a4c6d732b50bd5a3b10ea4aa9,3.6175872571886876
0x14e6b828adb52153e5bf7c740a1a7312ef4b8711,3.5807910516897175
0x5275817b74021e97c980e95ede6bbac0d0d6f3a2,3.5677123071519756
0xc313b6b8fb7ed5e092c44375f928c40439278fef,3.560066441498422
0xbcff81420d024627edd07ab9468aff7881805d57,3.4946104459968668
0xa11e70f09e67c6b5472eb79c2b56dd2a94c21bff,3.441956420245216
0x5974ab4cadc4f429c1a477b0b52a2209afa0179e,3.385783011341083
0x42ab995dbc06535334821c6e4c966a8fc225c9f0,3.3743878135101784
0x773743e9e4d124d7b79c98799da8c1e14f032080,3.3609474868519302
0xd6f7af0285068e3745f39607b9aa5f81fed7a6bb,3.3222694672176734
0x852e45ed1a6502406af4c409df4e0eef3cc0a0e3,3.2550658954731144
0xe5df082d70013a3499a138fa6415d835c38c48ea,3.1686338360388966
0xc57c51d4978f96a40937e19db35326dca0f5fdd0,3.151194177301918
0x05d86155059212345aeb0224ae0b717b7099dfd5,3.0956267167897136
0xbe0c0f773961600b763a376795283fbdb0c3f197,3.0848739950804522
0xf9f1886dbdab4cb94c4d23a9d1fa0c9ef4dacec4,3.0481641719074735
0x9325564ade7683706107685cf1993678b1163261,3.0406994304858372
0xaa32b085a44b3ae896c721d2eaf35dc93940d182,3.0288130770454393
0x7362c41f92aa7df9e6f963925dff0f1417e80b94,3.0240680462058727
0x87c9ad753ea4d918f0b6fb21a555c30746ecc968,3.020595004203027
0xc00ec5064f48432de8c2b3ca01c78c8d6c1eabca,3.0183041158409387
0x128524ea574e2535c34ab57aa24d9a89152274aa,3.0122807356147
0xd3cdcb7f1dc60c0b1b03884ac469aeb8ae53ad1f,2.997338228788197
0xdda1c1e21853b5ab670bbd3564a42f18eef17928,2.9867179882478996
0xfb43a5d6be49413d4368be0b3560abf675764afd,2.9817961946963814
0x52f00b86cd0a23f03821ad2f9fa0c4741e692821,2.9375674139855237
0x2105fa218b5a675a3b1dd95378590aba2586c151,2.9187795609657528
0x564b31fe75510a1adb311aece4faa63346ed142c,2.8650067447661836
0x9ddb702e9cce34067ab28e3c73e2e75f4d7442e3,2.8483084232700753
0xa1d509af0ab2e2c2fbff2ac5bb1fad50ba16c65d,2.823744827435463
0x2b11b02f5b32056af20cdf8a45d4f680b303b3a3,2.819089268331863
0x4c088fcfd5815e8d563971ef35024f97b6ebdce2,2.764323721726722
0xe8342f3f61e8fdb281061a79506ba4f39ad32c0b,2.7481419374632416
0xa1fe8652a26eb29df5a8cad586c9dfb0ecced92a,2.709573076981465
0x7544af54416cc100cc1b4df6180b4a54fa64ec80,2.6962484517556455
0x2303fd39e04cf4d6471df5ee945bd0e2cfb6c7a2,2.683247003043966
0x805c559b43565505cec1273801d5aab30fb91004,2.616548095505461
0xbbc25274b5b8bb6507b3078e38b56d8901fc4102,2.6064122259880436
0xee9af6b897cf48d2b295588a3b4f1511d181947a,2.5472667441104813
0x887b86b6b6957f7bbea88b8cefd392f39236a88c,2.440738496820055
0x48563b586c509faea52e17cc42f83f14b1d3759b,2.4220502924161713
0x99c9d0f6a9c31f4737cd0e81f952ed79ff2c2a73,2.415518976843904
0x370ce31cbe84bb9b7451b6619ec1e54b823f175f,2.4093032051258363
0xfdbbfb0fe2986672af97eca0e797d76a0bbf35c9,2.354472538604538
0x35ffc49e7fefc188dff81db3c717db098294bc23,2.3347939662850647
0x790f54ae142a33ab64e6f558476eb1a6caab30dd,2.3051803360966034
0x3bdb6119802ef01eab4e2a74bedb5e0227bed49a,2.254317925824279
0x33bff8d4f1d0bda54771a45a35659c4d44dc1cc6,2.2269722254414184
0xeb8f7b8c27732e00bef318441422000d8ccd1e54,2.2218953556244463
0xe2a7fd6144c975da415d920722d212cb02dc02e5,2.2012832363022716
0xf41ce6844769830d7f237385eccabcfd5e2ccc29,2.1836128410437636
0x10812253ac4c1d1f66189ff37be98d844259cd93,2.148833899105688
0x18a428ce0c31584a21cf8cefdb8849d8013e1994,2.1463575855683827
0x07e9d06db58a77407db95d93fbe1275a46f97463,2.096244811540197
0x8009602af66c50ecabc5d3c2094a3429dc62d828,2.0747359152517006
0x6ae0258f58c0de39ed2bb0905382eae664f00221,2.0521173755918802
0x02948dc62cc75c04aec267e8c6a777dce58c58a3,2.002148774029234
0x3f738b0e63e556d1901da352b75c59ef599afe6a,1.9991708856958506
0x996290c17c874d989d6e3db7dc0b2ef0a9fb876d,1.9017165989644782
0x9a3f5fe3a05917f0f3e7dc464ef0458ba03d8ae9,1.8830730395635789
0x151f6285d5f64e491ee5f2c059b1c0e15b12d4e0,1.8686193258565875
0x5dac9ccc215b9af65b486066786f79d9aa0043da,1.8562042592736565
0x1395de9daec52ad405e945603ea0a9346d00d01c,1.816180771306586
0x124a4330e5f0c0cc0078e51323b4ff2ac0ebb5ea,1.7990531429771677
0x89a6ed7e49e86efa418b6fd5970d47fe88a27fe4,1.7661935121307522
0x0a573bc3489d3dc339643ce50767c19eeb3fed70,1.7296860150228583
0x19799f272574079a8dd591c13f7aed0d2f7aa011,1.7272691877717548
0xe8b2d43eb45074b1dfac494641e15791b32d27a6,1.7181018785700972
0x277ce7ce319e8aa7db17d5784f5b24d36579bbf7,1.6956156383492427
0x18b5be29483b436b991a974098da1832332b21d7,1.60872458951528
0x09fa38eba245bb68354b8950fa2fe71f02863393,1.5795830332864609
0x4c447e2fb114b85cc893cfebeda9fde3a9aed85e,1.5703218908288703
0xd76a9cba16b91f4a5927bd496f20de108ff445a7,1.5524865453083188
0x114794178cd4318888f44cc0924a2da3636ac16a,1.5373471643166883
0x8e1fdf5f1ba3f86d77b4dc5b8125169ede8eeabd,1.5170395638954663
0x4aa3e06e7a47ce06c0768d5e0415875c21fc3035,1.502674655581114
0x05ccf46673ab0be3da43e847cf2438b6476fa1d0,1.4572433068929922
0xdc5f91d10d37f93ffcb36189dbd61310f33db76a,1.437860348704541
0x7ad356ccf06d94c8a425456068aa4d035e70953b,1.431167596316869
0x43006e2609b0a64923d09e3eacedccaad18b2f27,1.4297911127309648
0x25d56aca979398aca283611258eaf84de39c0d9d,1.4237763949679916
0xc97acf688cfe0a4d3bf23e9f772af83698216470,1.4114882365007353
0x97f0978c18de9b61840d4627040aea796090343f,1.3263109621300397
0x231bc628c6e83d5f6ba5b15f88279afdbaed6e9b,1.3132054427058404
0x5e962b91dd6ddd2eec8e7df5215ab3ed50e0793f,1.3101509248897227
0x1501943d0223db29690323b99a86a6e3cefa1abc,1.309430183715358
0xa82fcefd303fa68864b787a5f118b09ce5a4c93d,1.3081538939353368
0x01a6f583f32b97e51bd2ecfa7ad8200f4f779f5b,1.2939933107160535
0x40799aff479274526a3f126757a2ce0b941529d5,1.2821325206287888
0x9cb7f282b29e5769e2e4c08698184f9649b6087f,1.2653908868163526
0x66c64403a6b5f5e18cc6f88b6b7e713195b1466e,1.2586570634490017
0x1967bb7a8a7c8f8d2d34dfce777c9d5f3b4f51cb,1.2537706466705403
0xe9326ea0359580f1890252c1bdc326678a233241,1.2379973914438658
0xc7b0828fed776e4d2f7f789432b2a0c77e9b169f,1.2365821387915978
0x41de0ff7e391b304ed0033819e91046853e14656,1.234716862086182
0x3cacb4468b53fba62bb30ed5975a78864ecf5ff9,1.2339467509288697
0xd9fc24ce4a909047eb368aec53d7ce93bb729dd9,1.2098717664837704
0x8e135a49282863157bdb05063a54fe26dbdd2628,1.2081710160037344
0xba1e5c430f5750f0e5f1b48f50eba5711a9c0cc8,1.2071630202782822
0x68224861d426eb0418ca9589a96a80b0084e5318,1.1945789447966728
0x1920c59d9db5a261716ca91fb5910c12da6716d2,1.183063562860041
0xf5ad43f3c7bf108133bda8688ed0a10588232cae,1.182753531482465
0x3b55031d7272324ade1960dcbb916ad6fbbe6ca4,1.175353667670322
0x928baa371740e8ca4d5e49781e0edbe14eeda2a9,1.1658572454412377
0xa678abb7fa735b6a42c78214d6b150849c9570c4,1.1605271651595783
0xc1919db0c4d778693188c986462d351b2693aa9a,1.1475443740610862
0x7ece2eed80a8bf801653114d205353b7c4681610,1.1299701745484927
0x9141d5284c701614a48b42bf4848ecc093f118f1,1.1093223149932645
0x0c4b65beadb705b927ab68a1b00055f74579f997,1.10835127103419
0x234f4e58df75cae6ef10c4635a22ba5b52dd561d,1.0862591426035872
0x281975bf5d79c1e26b431a28d2059a1e750393c9,1.083721949516758
0x76b20a25373250d1229070d8876c45a675e61d89,1.0629177415860855
0xd143d3d16a9f0c13fd6a25bd3e6a1644b14f41bf,1.0592998001977063
0xab930e565cad29ece7d143fc81ab876c68088fdd,1.0552065742863765
0x1f7ed1ac71aec7a4eadb6cbcfca7f287301412f2,1.0390310294195142
0xf7df8ece3d8b7f91e3bb7d1fb97b4d58cb5ef2cb,1.0259066100754626
0xc247c61c9c094437b5b720bb7e85e2a72d8a1798,1.0214156377739094
0x01c8f5a82770b315d51e4bdf0924d710b72ff064,1.0057831627194675
0x83112307a51ab30f2e4e1dda68da852d5f2691b3,0.9685737032037285
0x1013f3688452f9223fa1aa1419fbf76f7f482b19,0.9501865042541583
0xfc55a72ec00ea3595ba5119882c7e7adb52985ca,0.9232490906014391
0x24c31d3195250a03272d20e7c7a052b82e424637,0.9181135825715919
0xb8c7a8db58079e08ca307b7b0043ec6bef938e85,0.8972982285343398
0xad7b6bf91b5ecc4a6f1257cd8bf2ba9670b512ea,0.8969264695339131
0x16123acfafc9709ae5650c7e31a1c56b5186cf08,0.887875952144676
0x26d83b05c25967f1c1399cf6b7329f065c7a40cc,0.8626822378283234
0x77981ee635eca2c6f5850b5850941c3d09681a6a,0.8351671650867875
0xd5274da7fcd2d6ad9687db7eb0cda4616223ad7e,0.7947135222130803
0xba9f77bb2efdf3f4ee377f46d20926c6a82ba4c3,0.7785494263361283
0xa6fb1a1fff573466295ed477219ca1419bc9a400,0.7673381998404517
0x5e190617c7cfb30c3c87dd55920e117280d3f8e6,0.7507502490301471
0x6c0cf880cb20eefabfb09341fba9e2bd29ad3dfa,0.7404657243738915
0xeaf1eaf9a95c7f1c37bceeaf49423dccdebfc6e1,0.7387256596374965
0xce3afb0e9c6a021a0024989a49bda86019aab978,0.7367212989065013
0x4225881efe0e02368c7cc9ef00783880b6c27134,0.7106864775800583
0x1a87fe212028dd92fe97bba8e2bafda2f146bea7,0.7021933260964633
0xc4e24ff2dee71ff59a3bbb84989a1d2d2426b201,0.6973737859574789
0x93291f280270c459c33cebf715a46d1f65c2c937,0.6911178519097252
0x73b04f837595ee4915f6966b667935b1032bcdb3,0.6911055548464881
0xb262ca0ecaa368e60ff6d567ce425b31b5207c3b,0.6787301659799134
0xee4c633368f1fdbc0be5845c32dd592c40368bb0,0.651594000285415
0xfa09bd8ae1665a2be8ace0295b1085f5b178efa9,0.6509432251605032
0xd6ab15700f2fc1b31f293a32c502bde51cc532a3,0.6488283725903718
0x4fc5a19e45de02592a4d0241869f969f68255e9c,0.6439076088421789
0x3ae7974d38c1fd3a9be9c6ce0e0bd83ee458bad6,0.638681538696373
0x1f3236f64cb6878f164e3a281c2a9393e19a6d00,0.6323367992559803
0xa6b49397ce21bb62200e914f41bf371e5940bb41,0.6117832575700146
0x953f55eacd3f8c6c9cff2bd95ef57aa2bcb970ed,0.6029041115694376
0xf8a4af30f73fe048726e16003991c842973c8dee,0.6012636348722639
0x678390282ba8b5a5941e63742eee6eb8bb098ed9,0.5983216685019327
0x615a838accede19e85703b105cb7d021550bd824,0.5976098926741645
0x7402c181645f9ce517f2d81a2cde0e176aca602e,0.5974024781691195
0xef43492e4676360ed8490f209467fcb51c38d297,0.5925640986869491
0xf76a3bb1d4f4290a7e2d8a2405a05566cb3b77ce,0.5898084055651616
0x9d387ab7ff693c1c26c59c3a912678b58368e9e5,0.5871567831558936
0x0c6ac3fcea667fd6c62483ce1dbbce6f6ce0fb1f,0.5835143082177062
0x47cab4912d64fff451bcdd0ea8a5fc48ba7ee8ac,0.5713740173926269
0xfccd515d395fcc855fa56ae273d7837a2db57b7c,0.5602362098163762
0x6330a16d534b620831c1a26c551dbc5f896a692e,0.5595311579985555
0xc9d7549222b94eb3d5ec1a9571e9dd53bf14e47e,0.5492170719291977
0x3af30b956f1737005b6e3146dbbd35b70f30df91,0.5395516408014349
0x6ee4e10d6a1e4e4d57b7a02515fe565bfe089cdc,0.5361824272044443
0x25d86aa6b90e57c004bc0da90a206c2151764d32,0.5265020942167981
0xd798428e860465e08b522f8440f707593e6d22c6,0.5236644408656513
0x6fb737d1ebb73cda6cfa36fd16d9273065d1b084,0.5093444198609479
0xc58962d01d35a5746c1724e1a67251067eb3bc46,0.5073412100866103
0x4c37700d949db46aa11a9f1627070f9af31f8011,0.48237744479512656
0x9d5fbda32aad9f83b307499854674e11c4b5f638,0.47939398340845324
0xb0812e0006470fe99f71165fc7c1a2312f7b90f2,0.47245098881273806
0x53a4fe17036e544f7cbf9bfd12512a9ff816d263,0.4716049145160199
0xbd1f7d88c76a86c60d41bddd4819fae404e7151e,0.47143941906398057
0x5bddc15142de03bd6ae21059dd7bd515d85aedfc,0.46808050350024266
0xc38899d01dc59a92e38cbe5feec9fadd0eb063b9,0.46762151410049807
0x8474c43970481015019819936793ddc210a0050e,0.46759843439067844
0xb95c11a236a5bf7c900dbbd95d582be4efb9fa8a,0.4659679528434266
0x1f3e2ab8fe0c6e1f47acdcaa0b3b9db4044f7909,0.436379340818103
0xb4d502361a3c6f823eeb9a99af09e110382206ee,0.43155198628917973
0x0e72a4457ced0d96f8d7108bd733110d87c12ceb,0.4021143313160091
0x0f2445bfcd9e75859a11c1e0f401f3dd715325c2,0.40017660491782614
0x3a05337fcaf237259de09934e77ae91480ed7ff1,0.390030921980485
0x2fba909aed4345ac0c67c75c51d955f822b14629,0.38749082121367845
0xd12e7a0bd654c1828d46f7975c9c8cecd1c62274,0.3714968246153966
0x246ac7d5d1d6796b3a12c6f868e76c0d013c6c8c,0.3685063363354449
0x4ee090dc258bfa21f0c8fdc6ef7e34e2c97b3d17,0.3642869292284349
0x071664c143d03cc729ba807bf5207a07e24e1c64,0.35717940840733947
0x26cd02457ba015d12edb985f245c183321b5463a,0.3444077875671963
0xd0e045b8378b07a2a822d67a7f933b07a7296796,0.3405864297337408
0xf60f773494889f18fc7eabbcd5705334bb7cc6dc,0.33657358905844914
0x98f365b8215189f547e0f77d84af1a2cb0820c72,0.335564018339676
0xd50f649a2c9fd7ae88c223da80e985d71de45593,0.32553882239139276
0x003c1fcf8c342e45f040431355896c61ddacb535,0.3227731946963496
0xeba98049a242d9788c2fe12b74f774080a17bf3e,0.31955075836154473
0x88aba5541c3c05926246b75f85fa45ebcdd2b040,0.31831438860454475
0x870ef2262e4a5e94f6154b9b215c60637c1de908,0.3149715864340143
0x005b0743d8b2ed646499dc48b64b95e71b8afa43,0.3144425098314843
0x33ed72fad47dae83ceb997e779c64a45c7fa4791,0.303114673253386
0x2d0e9e8197c541704ead0aeb35ef5f03dc35bc6d,0.29631264055990203
0x44fc4b69bd1c1287c15d2914a6d81b91a5a31041,0.2930969282350445
0x7b3e3448b4430196d4c1a5584c860017224bd773,0.28433069714025133
0x698c3da9e6d2ee600f4ce56ad5b3673f06ab22f9,0.27843289234303087
0x4077bca630a0fbf4e2f6416fa886ff8d04e79a0d,0.2757904170103581
0xfb42a940d1ab79f4e53345fa4cc8629cb84ad2e0,0.2613292523734249
0x0ed5e3e2de4f1590003da01a036c4a5dcac4d759,0.26081416898078547
0x5eb0cf5f601f7fd0816f632af338efb292b01316,0.2572961790916247
0xb4ec60de5ee53988e98f596655ef0b7110bb8d95,0.24970095553100913
0x0c1e99991dd2f7d374bff13f9f52284ce6cfdae5,0.24549772239387274
0x538e597a31f044cd0d88afa914f2602d08cdb7f0,0.2392586892359869
0x7d9a0715ed734ff4225e3a70141e1e6079ca5cae,0.2386293582509074
0x33b0086c7928f27fc5908b0138d6657149f9c209,0.23810579412500096
0x341e19643681918fe64ee7427f194ce1ee5224bf,0.23712221079602458
0xded0b7d69316beb53f764b6273c8ff78b70722ff,0.2363912927417394
0x380886e656ce40bd145a9fb85ac7e3dc51d5ee8b,0.23182441787744618
0xda33c7e21492f48b0a23bdc4a9ce24b12b3abc19,0.23115801397265653
0x8eb181e3da6e14c6bb5a4c0e8c2f5e8e3da2528d,0.2298676704060786
0x3f6e4667fec54733fb3b15993b9ce96b69b65cb3,0.22661446112484768
0x9e45d9080795a948299711a8326bf57fa0cdff2c,0.22489935397492417
0x1ae1220658bf9cd4d02cfd17409c09fb9e8fd9f5,0.22367116206786028
0xa06a7a89edf5ea05cd4fb613aca2a49412741cd4,0.21745811629977127
0x0c0c3df3ee78c0e503ae28e14d69a697653b554b,0.21584623178904067
0xb0751ec2aa6a2e73fb3b59fad33af9a498b51153,0.20251367101994996
0xb7d954ce552b320b4998546e4d3e3c3b7d6de0c1,0.2011478489272955
0x2c1e48a5c7ea47a05fbbed660797e90828658b41,0.1913724711503924
0xdfaaec16aa49ae413dca692b504b08c70765d1ec,0.19071824315550762
0x5ba751cd8d8901f5c003d9452264fba5a0d73bea,0.18884266841683872
0xc1c560f37ccdea19a2da80e8ea656ac724ef49f1,0.18425931669934104
0xbee5644e80983d2524f04cb1ad206496b0ab5629,0.1789695199007001
0xc9e8c683e366ccc8eef13fdd968c89fcc05b93a8,0.17282050366877708
0x003b515ab0786166641a30909ab3b13e2791c588,0.16996164848446282
0xcd763667cd74543bd05c19386347441d3d3f6392,0.1694369939785649
0x9462f58b0ddeca8e8154a19754e6ff7958cdc403,0.16731390298183127
0x88f949d5316c15dfaba9f6e4fb74f567a2474d71,0.16331354109977536
0xd28bfaea8c886ff6424141278a928f3cde2741f1,0.1592162565518106
0x13d1df7cbca9b818f7ccf1e5c73a6cc5daa04142,0.15811915255038847
0xecd9653829ac3908a73fb43d3a51e0f9b8c27193,0.150011208087115
0xe71f09556786d2183d4c64fb317a2ea2c5cf80e8,0.14384553327198887
0x333a5b0921cadbadfa34472075984230a7389404,0.14375939325266238
0x2e44a820d77b013afa75766953b2f819e33a19c1,0.14154574013997015
0x85515e6ad6b92f6fb55b61e5eeba44ae07adbc0e,0.14150242782364214
0x9af906c01f75154dd3402dfa441c7a4251c3201f,0.14076260499942655
0x1250b32c54814bf939da5c60872e8741e96cd8a0,0.14043997367528244
0xdee43b42aa150242e60cdcc08cc7a9ceafc0e8bf,0.13792852567158523
0xc59beb5bfe879f2c3352a352cc5e2432598e35b7,0.1367320759376065
0x36e992c989b242a098c02735e66170ea19447861,0.1348385099290783
0x7ddc509638c4e31d729a96d29ad24aa5ebe5f4d9,0.13428671707672593
0x4d6d474dcfe25938e9e39ad797c18a3e6502e100,0.13283215016809868
0xb9b4f5921dddd83313c5b70fe582f197c0d900a8,0.13124934245714076
0xbae8eca7740719aed4e3bee50b5d35d8cf21e77a,0.12977751119864847
0x186e20ae3530520c9f3e6c46f2f5d1062b784761,0.126889094601232
0xbbecf86f16f2c99640a89b6fd231fed3b999cb3a,0.12112262001631804
0xa54a24f7aa6538ec46c8cc5ee9aed158c0624ec1,0.11981125634657114
0xa23712f42ee9ae1971bc0b233887c1831a4c69cb,0.11943150122620698
0x8da7ece2cae28c273419f5ad831024fede7d854f,0.11904617305255305
0x3d1a6d7ea5aa3ca823a898e81245828dfcf19bc5,0.11846663608708426
0x6855e19a26a161efbd54f8ee49cc04630b881dda,0.11646615226272533
0x19bb34410c9a0f70e89d1b9ab054059ed1cf5aa8,0.11333137036390176
0xa74fc1f2598d26524e4e9f8c422863031e0420a5,0.11226001144561168
0x63b8065be25e50a53bbf88bdfa116ba206272a51,0.1049986864690521
0x8e0c72a714706f92a19c30edfbdf03c81f73875b,0.10366188059950411
0xa0f8bd3ee367edf7b1079f3df108a8bc8ed183b9,0.0986408018920955
0x173c46e68187c09e4eb1d223b90a5789f7e6574a,0.0899829424531216
0xe0bff868219253510a275fdddd14b4bdf859ee83,0.08982289890103959
0x3812364136fe59a5db130666925be092050bd8ba,0.08573033933303788
0x7a09696e30192974d732ceb3e82e1306385886ff,0.08563159936714322
0x91e04c5fe50a02440d822092f87ae6b8b957f4d4,0.08131623882088353
0x27ebbf89db8ad8b430de2fc71e4053f1fdf00703,0.08105424473959863
0xd41f7006bcb2b3d0f9c5873272ebed67b37f80dc,0.08021483387616168
0x87d594e2dec9b6221974ec21d1cc5527000e20e9,0.08013711401343601
0xd59e99927018b995ee9ad6b9003677f1e7393f8a,0.07668618249375096
0xf3d9281fa183b74f32b96e1c5244596045f4ede8,0.06587591295160601
0x58386b752d88d5edc9c9fa48aeb81c710e87c5f1,0.06480243384999916
0xf33444d410976a7ae5c44b08af263671c3407f13,0.062302858872875795
0x545116940499a525b7afd7720b65ec8d400e2e79,0.05947919873161967
0x4abc33cf81e0d21f42168d044f7002edd6b80b09,0.059308796569618655
0x36dde157980fea9946ee78231ea5c73409e31ab6,0.05516420164535712
0xe73b561846aa096f4f2b48be9aceaf96e547b5ed,0.05432061099195286
0xd51209fd7d0b17c069e5578bdf1c036a0f96d4f9,0.05378474980280924
0x0d313261953f41037ff6b2a03749d7056ea93cac,0.053778995019520895
0x3954a503bf87f49443af1e37a23393b77ffaf1cd,0.0537650623862965
0x1a9a7b7d4918eaa5d7f094f540c8e02c3bbc69cb,0.053752523016394535
0xaa20ec6b0f7fe6f2577a970290c17d5d9d433e81,0.05373319905987896
0x16d1788337ededc2a955494ab1d89ed9e8d06864,0.05365408593383085
0x2d19ca3ca720a80d8d5ff4b28c674d8d76dd24e1,0.051024574007723415
0x421a8a0c6388faa1550e2636538d8d7605a8cede,0.044500043022069766
0x40e9863b0b342ad2ef53ed25a49b46b4527b889a,0.04328293664491923
0x915c4580dffd112db25a6cf06c76cdd9009637b7,0.042507434164315946
0x8f162a923d15d3402fa2c5bfd49fb76ca1b1c6c8,0.04066838715536148
0x4e42abc95f1e4f2e0e1375dcd82c9ef57d27a9e7,0.03988925007478661
0xe78b0aa223243ddc88cfebc2cea7d58090bd9f3c,0.03979559854885217
0x4c026d5d6a7fe1b2e2b28b916ef2016f6058f7b4,0.039791297605552466
0xd50bc8e985f3f878511ef750fb2d14ae8077c6b2,0.03867462734094999
0xd9277f43bdfbbd18f5ba0adeb38f3ace2929e773,0.038106902825388825
0x8daceb25c214056bf623160a8293884f183dc755,0.0379156622902174
0x32aede281ddb2e28e0953b413eadd107b98f50c2,0.03787174420722745
0xdef27d920be434fa870978c342671a9b7a7bd271,0.037764826391396736
0xa7f4e43e5693451589cecbb5e769efb0a26b6497,0.03722224119230568
0xb79f87be51c5ea9d6c76b363fd710e47baffeb88,0.03696503266765004
0xab877106be9f2bc060d523d0f88b208eb5f9925a,0.03634599971582338
0x3811eb9e4e525765aaab95a8fb3c04061ece3321,0.0342972362885086
0xc46ecbba0f4e3b0fe24340f28d420b0e8f00a821,0.03178312291149891
0x9992f53162684d385e9523aad5f7c034a9793721,0.031416452351032444
0x22e3bbe883145d103a39def862d09400d56a47b9,0.0309878118610505
0xd3fe68d8b606205eddce2d9a6e5839e82ecb24eb,0.029399612826801404
0x3cad036e538a1adb00d0bd0553be5cbf4c981738,0.028446620714252517
0x13ca88c90c49024ac11098965b9ff4d4a1550768,0.02723793449370281
0x7da08fba7a69c67c0d06fd433af0c53f9c75cee8,0.024772888216309477
0xd8827d60486e01a6c54f7fc2ddcd9527a26af8ba,0.024600608177656472
0xd1503ce46d935942dbe6c135cf8eff2e3f6331fa,0.02370098410802365
0x76da9f88e63a85ba8bfa19f3821d5a271753d3dc,0.02284879156801998
0xb4a7aa4b9a5aad8b7c079e7bfe1be157f6252587,0.02141778898254182
0x3c888a0231b3045a7e204ebd50b03ba4010a5790,0.021200439904241197
0xc555347d2b369b074be94fe6f7ae9ab43966b884,0.02072897171126077
0xd0103eda26ee0e8911b9f3c1a96e33980c7ee042,0.018472733202234845
0x53c40473dcdfd927c4201ccfe24e314a7d7c3584,0.017703954731578986
0x67ea7e1a35039fa699505f0659dba332d7d421c8,0.016932753194275407
0x3bd044d4fb2896b387b17ac947ca6736e9d9bf5d,0.016387320891873284
0x691b5520a0c2112ae4c5f8bde586e663e8b08e52,0.015426150929388337
0xb61fd6f023e4cb04882433b812b195245deb57e5,0.015102550378585123
0xa09e0b9cd521abab920e2f3c5850f854be1dd885,0.014814508330837223
0x08e5f4670b8e70fe77d952ba0fbbf9f4762aaf73,0.014528586466406078
0x5bfdb1fa1f81161ec4271fe21f5c8b2662e3f22d,0.0134414776149058
0xfd9a6cd1670fe8eb4012d8abb9cdf25741a6ff04,0.013178393153629432
0xd98b49003104b71aa6e30c2dda76951625e23ea5,0.012541308355277243
0x2d617f438116d107e07c49d61d4d7217bb924c2f,0.011993150102896432
0xbb2281ca5b4d07263112604d1f182ad0ab26a252,0.01148921281683654
0xba743394ca6c38886c066e45bb9980a09aec7a65,0.010934694014505463
0x7c2a24e8f09892d42b4cc78ac0c379e5ea2ca330,0.00960049294160378
0x392888ade85c036ba57cfb3b17d41dbcae64aaa9,0.009405738959793158
0x256515830a9a3e334fd77e605244031e6c2c5031,0.009213044584633102
0xced2f0dcb70757339f7072a3ffa08a4a73497435,0.00845092954725848
0x36dc9b69798c091a986327804003c8898cc7b6bb,0.007840013868701682
0x0716266cc5d3c443e30b0c4e9c72afa33778e1de,0.007661494433430795
0x13a5047b32aa9e7ce89c53fbf52632224c27067a,0.007367212989065012
0xca949bc917ff93bea259d1751a1af1908c69d969,0.006670339021180292
0x0f1042f57e2aad1855457bd8efb3bd2263612992,0.005638233782583294
0xdf3910d26836318379903a47bd26d0e05cc9a0f5,0.004097587431295734
0x8ed36ef9f066117203d1bb199d4d41fa2565e3e9,0.003770291703854744
0xf1120ae37c7d06f8bc456ee285f3eca64276734f,0.00175115026630837
0x6e9a88971e957abb41bae4e2677cae258f0c1e76,0.001314271349724173
0x5791a402700e7266bb4ec99e508fa25a05c762f0,0.000316634234191014
0xd2b74b7b048c635d5c4110c594bec7b70e72b2de,0.000299369884325998
0xd277082d4c9e4c17bff55769665454325e79ee70,0.000283195914452457
0xfaec9b95e82ddf4cb75aac9e4ca319d3326ff078,0.000271807501208165
0x4cccf16faf12590dc9a93255224e699fa2197bca,0.000266779637914143
0x5ab0e4e355b08e692933c1f6f85fd0be56ad18a6,0.000181972305243889
0x19f12c947d25ff8a3b748829d8001ca09a28d46d,0.000110128379138944
0x84e04c3b6175d386b943a2677ea92f1731d10604,6.8148749467168e-05
0xe1690f5153ad0bbc683964aa81645c49b3cf6567,1.3872056558205e-05
